username,email,status,info
wmumyb,wmumyb@example.com,ok,N/A
pdzezz,pdzezz@example.com,ok,N/A
uvzwvm,uvzwvm@example.com,ok,N/A
ysqmbz,ysqmbz@example.com,ok,N/A
kfhzfw,kfhzfw@example.com,ok,N/A
yaqwec,yaqwec@example.com,ok,N/A
pvygwy,pvygwy@example.com,ok,N/A
qnteuk,qnteuk@example.com,ok,N/A
omrdfz,omrdfz@example.com,ok,N/A
cmkbnu,cmkbnu@example.com,ok,N/A
twzrej,twzrej@example.com,ok,N/A
pawcrw,pawcrw@example.com,ok,N/A
qiqiti,qiqiti@example.com,ok,N/A
uvncqh,uvncqh@example.com,ok,N/A
stlgly,stlgly@example.com,ok,N/A
rwzlmr,rwzlmr@example.com,ok,N/A
wqddya,wqddya@example.com,ok,N/A
rayryk,rayryk@example.com,ok,N/A
sslusb,sslusb@example.com,ok,N/A
loyfwo,loyfwo@example.com,ok,N/A
calfbo,calfbo@example.com,ok,N/A
sotykp,sotykp@example.com,ok,N/A
aexpys,aexpys@example.com,ok,N/A
jfkxqf,jfkxqf@example.com,ok,N/A
dxjvgc,dxjvgc@example.com,ok,N/A
bzckta,bzckta@example.com,ok,N/A
snukfg,snukfg@example.com,ok,N/A
kpwyos,kpwyos@example.com,ok,N/A
wfyshd,wfyshd@example.com,ok,N/A
dpdyag,dpdyag@example.com,ok,N/A
tehhoz,tehhoz@example.com,ok,N/A
gumjls,gumjls@example.com,ok,N/A
gwqvob,gwqvob@example.com,ok,N/A
wexldm,wexldm@example.com,ok,N/A
kbdmui,kbdmui@example.com,ok,N/A
ymjoyf,ymjoyf@example.com,ok,N/A
ejclfs,ejclfs@example.com,ok,N/A
pomobq,pomobq@example.com,ok,N/A
phiolq,phiolq@example.com,ok,N/A
nvcjlv,nvcjlv@example.com,ok,N/A
aka,aka@example.com,flagged,CTF{j3z2dl9r77}
vokxoj,vokxoj@example.com,ok,N/A
ebeiid,ebeiid@example.com,ok,N/A
pvcicz,pvcicz@example.com,ok,N/A
ctxpxg,ctxpxg@example.com,ok,N/A
lsowdj,lsowdj@example.com,ok,N/A
icfbgu,icfbgu@example.com,ok,N/A
flgvlf,flgvlf@example.com,ok,N/A
ewzccr,ewzccr@example.com,ok,N/A
nmsceu,nmsceu@example.com,ok,N/A
